{
  "head": "head",
  "portraitScale": 2.3,
  "portraitTranslation": [-0.2, 2.8, 0],
  "profileScale": 0.52,
  "profileTranslation": [0, 1.05, 0],
  "faint": "bedrock(lucariocostumeparty, battle_faint)",
  "cry": "bedrock(lucariocostumeparty, cry)",
  "poses": {
    "standing": {
      "poseName": "standing",
      "transformTicks": 10,
      "poseTypes": ["STAND", "NONE"],
      "isBattle": false,
      "animations": [
        "look",
        "bedrock(lucariocostumeparty, ground_idle)"
      ],
      "quirks": [
        {
          "name": "blink",
          "animations": ["bedrock(lucariocostumeparty, blink)"]
        },
        {
          "name": "senseaura",
          "loopTimes": 1,
          "minSecondsBetweenOccurrences": 140,
          "maxSecondsBetweenOccurrences": 180,
          "animations": ["bedrock(lucariocostumeparty, senseaura)"]
        }
      ]
    },
    "walking": {
      "poseName": "walking",
      "transformTicks": 10,
      "poseTypes": ["WALK"],
      "animations": [
        "look",
        "bedrock(lucariocostumeparty, ground_walk)"
      ],
      "quirks": [
        {
          "name": "blink",
          "animations": ["bedrock(lucariocostumeparty, blink)"]
        }
      ]
    },    
      "floating": {
      "poseName": "floating",
      "transformTicks": 10,
      "isTouchingWater": true,
      "poseTypes": [ "FLOAT" ],
      "isTouchingWater": true,
      "animations": [
        "look",
        "bedrock(lucariocostumeparty, water_idle)"
      ],
      "quirks": [
        {
          "name": "blink",
          "animations": ["bedrock(lucariocostumeparty, blink)"]
        }
      ]
    },
    "swimming": {
      "poseName": "swimming",
      "transformTicks": 10,
      "isTouchingWater": true,
      "poseTypes": [ "SWIM" ],
      "animations": [
        "look",
        "bedrock(lucariocostumeparty, water_swim)"
      ],
      "quirks": [
        {
          "name": "blink",
          "animations": ["bedrock(lucariocostumeparty, blink)"]
        }
      ]
    },
    "sleeping": {
      "poseName": "sleeping",
      "transformTicks": 10,
      "poseTypes": ["SLEEP"],
      "animations": [ "bedrock(lucariocostumeparty, sleep)" ]
    },
      "battle-idle": {
        "poseName": "battle-idle",
        "transformTicks": 10,
        "poseTypes": ["STAND"],
        "isBattle": true,
        "animations": [
          "look",
          "bedrock(lucariocostumeparty, battle_idle)"
        ],
      "quirks": [
        {
          "name": "blink",
          "animations": ["bedrock(lucariocostumeparty, blink)"]
        }
      ]
      },
    "shoulder_left": {
      "poseName": "shoulder_left",
      "transformTicks": 10,
      "poseTypes": ["SHOULDER_LEFT"],
      "animations": [
        "look",
        "bedrock(lucariocostumeparty, shoulder_left)"
      ],
      "quirks": [
        {
          "name": "blink",
          "animations": ["bedrock(lucariocostumeparty, blink)"]
        }
      ]
    },
    "shoulder_right": {
      "poseName": "shoulder_right",
      "transformTicks": 10,
      "poseTypes": ["SHOULDER_RIGHT"],
      "animations": [
        "look",
        "bedrock(lucariocostumeparty, shoulder_right)"
      ],      "quirks": [
        {
          "name": "blink",
          "animations": ["bedrock(lucariocostumeparty, blink)"]
        }
      ]
    },
    "picture": {
      "poseName": "picture",
      "transformTicks": 10,
      "poseTypes": ["PORTRAIT", "PROFILE"],
      "animations": [
        "look",
        "bedrock(lucariocostumeparty, portrait)"
      ]
    }
  }
}