{
	"species": "cobblemon:kyurem",
	"order": 0,
	"variations": [
		{
			"aspects": [
				"white"
			],
			"poser": "cobblemon:kyuremwhite",
			"model": "cobblemon:kyuremwhite.geo",
			"texture": "cobblemon:textures/pokemon/kyurem/kyuremwhite.png",
			"layers": [
        {
              "name": "emissive",
              "emissive": true,
              "texture": "cobblemon:textures/pokemon/kyurem/kyuremwhite_emissive.png",
              "translucent": true
        }
      ]
		},
		{
			"aspects": [
				"shiny",
				"white"
			],
			"texture": "cobblemon:textures/pokemon/kyurem/kyuremwhite_shiny.png"
		}
	]
}